<?xml version="1.0" encoding="UTF-8"?>
<!DOCTYPE mapper
  PUBLIC "-//mybatis.org//DTD Mapper 3.0//EN"
  "http://mybatis.org/dtd/mybatis-3-mapper.dtd">
<mapper namespace="board">
	<!-- 1. 개수얻기 -->
	<select id="selectCount" parameterType="String" resultType="int">
		select count(*) from miniBoard where userid=#{userid}
	</select>
	<!--  카테고리별 개수얻기 -->
	<select id="selectCountByCategory" parameterType="hashmap" resultType="int">
		select count(*) from miniBoard where userid=#{userid} and category=#{category}
	</select>
	<!-- 2. 1개 얻기 -->
	<select id="selectByIdx" parameterType="int" resultType="BoardVO">
		select * from miniBoard where idx=#{idx}
	</select>
	<!-- 3. 1페이지 얻기 -->
	<!-- <select id="selectList" parameterType="hashmap" resultType="BoardVO">
		select
			R.*
		from
			( select 
				rownum rnum, Q.*
			  from	
				(select * from miniBoard order by idx desc) Q
			  where
			  	<![CDATA[
			  	rownum  <= #{endNo}
			  	]]>
			) R
		where
			<![CDATA[
			rnum  >= #{startNo}
			]]>
	</select> -->
	<!-- 자유게시판 1페이지 얻기 -->
	<select id="selectFList" parameterType="hashmap" resultType="BoardVO">
		select
				R.*
			from
				( select 
					rownum rnum, Q.*
				  from	
					(select * from miniBoard where category = 'Free' order by idx desc) Q
				  where
				  	<![CDATA[
				  	rownum  <= #{endNo}
				  	]]>
				) R
			where
				<![CDATA[
				rnum  >= #{startNo}
				]]>
		
	</select>
	
	<!-- 갤러리 1페이지 얻기 -->
	<select id="selectGList" parameterType="hashmap" resultType="BoardVO">
		select
				R.*
			from
				( select 
					rownum rnum, Q.*
				  from	
					(select * from miniBoard where category = 'Gallery' order by idx desc) Q
				  where
				  	<![CDATA[
				  	rownum  <= #{endNo}
				  	]]>
				) R
			where
				<![CDATA[
				rnum  >= #{startNo}
				]]>
		
	</select>
	<!-- 최신글 얻기 -->
	<select id="selectRecentList" parameterType="hashmap" resultType="BoardVO">
		select
				R.*
			from
				( select 
					rownum rnum, Q.*
				  from	
					(select * from miniBoard where category in ('Gallery','Free') and userid=#{userid} order by idx desc) Q
				  where
				  	<![CDATA[
				  	rownum  <= #{endNo}
				  	]]>
				  	
				) R
			where
				<![CDATA[
				rnum  >= #{startNo}
				]]>
	</select>
	<!-- 4. 저장 -->
	<insert id="insert" parameterType="BoardVO">
		insert into miniBoard 
			(idx,category,userid,password,subject,content,regdate)
		values
			(board_idx_seq.nextval,#{category},#{userid},#{password},#{subject},#{content},SYSDATE)			
	</insert>
	<!-- 5. 수정 -->
	<update id="update" parameterType="BoardVO">
		update miniBoard set subject=#{subject}, content=#{content}, regDate=SYSDATE where idx=#{idx} 
	</update>
	<!-- 6. 삭제 -->
	<delete id="delete" parameterType="int">
		delete from miniBoard where idx=#{idx}
	</delete>
	<!-- 7. 가장 최근에 저장된 글번호 읽어오기 -->
	<select id="selectMaxIdx" resultType="int">
		select max(idx) from miniBoard
	</select>
	<!-- userid, category별 읽어오기 -->
	<select id="selectByCategory" parameterType="hashmap" resultType="BoardVO">
		select * from miniBoard where userid=#{userid} and category=#{category}
	</select>
</mapper>
