<?xml version="1.0" encoding="UTF-8"?>
<!DOCTYPE mapper
  PUBLIC "-//mybatis.org//DTD Mapper 3.0//EN"
  "http://mybatis.org/dtd/mybatis-3-mapper.dtd">
<mapper namespace="fileBoard">
	<!-- 1. 개수얻기 -->
	<select id="selectCount" resultType="int">
		select count(*) from fileBoard
	</select>
	<!-- 2. 1개 얻기 -->
	<select id="selectByIdx" parameterType="int" resultType="fileBoardVO">
		select * from fileBoard where idx=#{idx}
	</select>
	<!-- 3. 1페이지 얻기 -->
	<select id="selectList" parameterType="hashmap" resultType="fileBoardVO">
		select
			R.*
		from
			( select 
				rownum rnum, Q.*
			  from	
				(select * from fileBoard order by idx desc) Q
			  where
			  	<![CDATA[
			  	rownum  <= #{endNo}
			  	]]>
			) R
		where
			<![CDATA[
			rnum  >= #{startNo}
			]]>
	</select>
	<!-- 4. 저장 -->
	<insert id="insert" parameterType="fileBoardVO">
		insert into fileBoard 
			(idx,name,password,subject,content,regDate)
		values
			(fileBoard_idx_seq.nextval,#{name},#{password},#{subject},#{content},SYSDATE)			
	</insert>
	<!-- 5. 수정 -->
	<update id="update" parameterType="fileBoardVO">
		update fileBoard set subject=#{subject}, content=#{content}, regDate=SYSDATE where idx=#{idx} 
	</update>
	<!-- 6. 삭제 -->
	<delete id="delete" parameterType="int">
		delete from fileBoard where idx=#{idx}
	</delete>
	<!-- 7. 가장 최근에 저방된 글번호 읽어오기 -->
	<select id="selectMaxIdx" resultType="int">
		select max(idx) from fileBoard
	</select>
</mapper>
